company,comp_link
Scribble Ventures,https://www.linkedin.com/company/67207357/about/
Certn,https://www.linkedin.com/company/17891142/about/
Runa,https://www.linkedin.com/company/22316561/about/
"Warmly,",https://www.linkedin.com/company/30583455/about/
TrueNorth,https://www.linkedin.com/company/10665055/about/
Whatnot,https://www.linkedin.com/company/52160608/about/
Titan,https://www.linkedin.com/company/11249478/about/
Stanford University Graduate School of Business,https://www.linkedin.com/company/1791/about/
Paperwheel,https://www.linkedin.com/company/42352720/about/
the LEGO Group,https://www.linkedin.com/company/3724/about/
137 Ventures,https://www.linkedin.com/company/2061868/about/
Stanford University,https://www.linkedin.com/company/1792/about/
Andreessen Horowitz,https://www.linkedin.com/company/439909/about/
Twitter,https://www.linkedin.com/company/96622/about/
Institutional Venture Partners,https://www.linkedin.com/company/267720/about/
Menlo Ventures,https://www.linkedin.com/company/39208/about/
Radar Partners,https://www.linkedin.com/search/results/all/?keywords=Radar+Partners++++++
Xfire,https://www.linkedin.com/company/31556/about/
AuctionDrop,https://www.linkedin.com/company/30555/about/
U.S. Department of Commerce,https://www.linkedin.com/company/4835/about/
Wells Fargo Corporate Finance,https://www.linkedin.com/company/1235/about/
Seven Seven Six 7️⃣7️⃣6️⃣,https://www.linkedin.com/company/69044852/about/
Initialized Capital,https://www.linkedin.com/company/6355249/about/
Reddit,https://www.linkedin.com/company/150573/about/
Y Combinator,https://www.linkedin.com/company/167872/about/
Institute on Higher Awesome Studies,https://www.linkedin.com/search/results/all/?keywords=Institute+on+Higher+Awesome+Studies
Y Combinator,https://www.linkedin.com/search/results/all/?keywords=Y+Combinator
Without Their Permission,https://www.linkedin.com/search/results/all/?keywords=Without+Their+Permission
Hipmunk,https://www.linkedin.com/company/1093828/about/
"Breadpig, Inc.",https://www.linkedin.com/company/762435/about/
"Das Kapital Capital, LLC",https://www.linkedin.com/search/results/all/?keywords=Das+Kapital+Capital%2C+LLC
Conde Nast Publications,https://www.linkedin.com/company/3365729/about/
UVA Parking & Transportation,https://www.linkedin.com/search/results/all/?keywords=UVA+Parking+%26+Transportation
Pizza Hut,https://www.linkedin.com/company/3406/about/
Avanta Ventures,https://www.linkedin.com/company/18750520/about/
"Pivotal Software, Inc.",https://www.linkedin.com/company/3048967/about/
Longitude Capital,https://www.linkedin.com/company/11354607/about/
Lazard,https://www.linkedin.com/company/4757/about/
KKR & Co. Inc.,https://www.linkedin.com/company/15787/about/
"Open Water Capital, LLC",https://www.linkedin.com/company/548279/about/
Merrill Lynch,https://www.linkedin.com/company/1178/about/
Cloud Apps Capital Partners,https://www.linkedin.com/company/3886303/about/
Emergence Capital Partners,https://www.linkedin.com/company/218022/about/
salesforce.com,https://www.linkedin.com/company/3185/about/
"Apexon, Inc.",https://www.linkedin.com/company/26793/about/
Datasweep,https://www.linkedin.com/company/15985/about/
Clarify,https://www.linkedin.com/company/8173/about/
Cummins Inc.,https://www.linkedin.com/company/3625/about/
Bain & Company,https://www.linkedin.com/company/2114/about/
"Morgan Stanley & Co., Inc.",https://www.linkedin.com/company/497017/about/
CRV,https://www.linkedin.com/company/22962/about/
Vercel,https://www.linkedin.com/company/16181286/about/
Fleet Device Management,https://www.linkedin.com/company/71111416/about/
Tinybird,https://www.linkedin.com/company/35704741/about/
Tailscale,https://www.linkedin.com/company/35653234/about/
Strapi,https://www.linkedin.com/company/11251903/about/
GreyNoise Intelligence,https://www.linkedin.com/company/11204989/about/
Chromatic,https://www.linkedin.com/company/18289391/about/
MeiliSearch,https://www.linkedin.com/company/13016868/about/
Postman,https://www.linkedin.com/company/3795851/about/
Checkly,https://www.linkedin.com/company/18560588/about/
Factorial HR,https://www.linkedin.com/company/11016997/about/
Gtmhub | The world's most intuitive OKRs platform,https://www.linkedin.com/company/10152848/about/
Wonderment,https://www.linkedin.com/company/64554232/about/
Lokalise | Hiring remotely,https://www.linkedin.com/company/10917347/about/
Carrot Fertility,https://www.linkedin.com/company/18023460/about/
Squire,https://www.linkedin.com/company/5160648/about/
Talon.One,https://www.linkedin.com/company/10393857/about/
Automox,https://www.linkedin.com/company/7941257/about/
Bbot,https://www.linkedin.com/company/18078209/about/
Opsgenie,https://www.linkedin.com/company/2741068/about/
Collibra,https://www.linkedin.com/company/288365/about/
Battery Ventures,https://www.linkedin.com/company/19381/about/
Salsify,https://www.linkedin.com/company/2857630/about/
Symmetric Capital,https://www.linkedin.com/company/1213912/about/
RBC Capital Markets,https://www.linkedin.com/company/1800/about/
TM Capital,https://www.linkedin.com/company/71401/about/
Red Tree Venture Capital,https://www.linkedin.com/company/42331952/about/
"Alladapt Immunotherapeutics, Inc.",https://www.linkedin.com/company/37191210/about/
Acrigen Biosciences,https://www.linkedin.com/company/23731259/about/
Ceribell │ Rapid Response EEG,https://www.linkedin.com/company/6587602/about/
"Syncopation Life Sciences, Inc.",https://www.linkedin.com/company/76621224/about/
Virsti,https://www.linkedin.com/search/results/all/?keywords=Virsti
Excellergy,https://www.linkedin.com/search/results/all/?keywords=Excellergy
Magnus Medical,https://www.linkedin.com/company/76264671/about/
Vaxcyte,https://www.linkedin.com/company/7603371/about/
"Satsuma Pharmaceuticals, Inc.",https://www.linkedin.com/company/17912387/about/
Inogen,https://www.linkedin.com/company/594741/about/
Flexion Therapeutics,https://www.linkedin.com/company/2204467/about/
ViaCyte,https://www.linkedin.com/company/1226515/about/
"Ceribell, Inc",https://www.linkedin.com/company/6587602/about/
Halo Neuroscience,https://www.linkedin.com/company/3714802/about/
Engage Therapeutics,https://www.linkedin.com/company/25173044/about/
TPG,https://www.linkedin.com/company/17460/about/
Spinifex Pharmaceuticals Inc.,https://www.linkedin.com/company/16062040/about/
SI-BONE,https://www.linkedin.com/company/378716/about/
Cianna Medical,https://www.linkedin.com/search/results/all/?keywords=Cianna+Medical
AnaptysBio,https://www.linkedin.com/company/766544/about/
Novo  A/S,https://www.linkedin.com/company/2229/about/
Alios BioPharma,https://www.linkedin.com/search/results/all/?keywords=Alios+BioPharma
Elevation Pharmaceuticals,https://www.linkedin.com/company/1283682/about/
Amira Pharmaceuticals,https://www.linkedin.com/company/72849/about/
Synosia Therapeutics,https://www.linkedin.com/search/results/all/?keywords=Synosia+Therapeutics
Foldrx Pharmaceuticals,https://www.linkedin.com/company/484394/about/
InSound Medical,https://www.linkedin.com/search/results/all/?keywords=InSound+Medical
SightLine Partners,https://www.linkedin.com/company/108031/about/
Piper Jaffray Ventures,https://www.linkedin.com/search/results/all/?keywords=Piper+Jaffray+Ventures
McKinsey & Company,https://www.linkedin.com/company/1371/about/
AutoMate Scientific,https://www.linkedin.com/search/results/all/?keywords=AutoMate+Scientific
Amazon,https://www.linkedin.com/company/1586/about/
The Sustainability Consortium,https://www.linkedin.com/company/1853005/about/
BSR,https://www.linkedin.com/company/162839/about/
OpenVoice,https://www.linkedin.com/company/105685/about/
The Children's Health Council,https://www.linkedin.com/company/504201/about/
"MOYCF, Office of Mayor Willie Brown",https://www.linkedin.com/search/results/all/?keywords=MOYCF%2C+Office+of+Mayor+Willie+Brown
The Urban Institute,https://www.linkedin.com/company/13118/about/
Office of Senator Daniel Patrick Moynihan (D-NY),https://www.linkedin.com/search/results/all/?keywords=Office+of+Senator+Daniel+Patrick+Moynihan+%28D-NY%29
Patient Square Capital,https://www.linkedin.com/company/67488978/about/
Apollo Therapeutics,https://www.linkedin.com/company/74048399/about/
Kriya Therapeutics,https://www.linkedin.com/company/34949863/about/
Enavate Sciences,https://www.linkedin.com/company/85840870/about/
Roivant Sciences,https://www.linkedin.com/company/9215024/about/
BridgeBio,https://www.linkedin.com/company/6824982/about/
Medical Device Manufacturers Association,https://www.linkedin.com/company/8392966/about/
"Repris Wines, Pangloss Cellars and Texture Wines",https://www.linkedin.com/search/results/all/?keywords=Repris+Wines%2C+Pangloss+Cellars+and+Texture+Wines
Moon Mountain District Winegrowers Association,https://www.linkedin.com/company/12906479/about/
PRA Health Sciences,https://www.linkedin.com/company/6174/about/
Envision Healthcare,https://www.linkedin.com/company/200715/about/
Heartland Dental,https://www.linkedin.com/company/1173955/about/
Ajax Health,https://www.linkedin.com/company/27178370/about/
Global Medical Response,https://www.linkedin.com/company/19126237/about/
PharMerica,https://www.linkedin.com/company/15537/about/
Covenant Surgical Partners,https://www.linkedin.com/company/394898/about/
"Entellus Medical, Inc., Now a Part of Stryker",https://www.linkedin.com/company/650820/about/
EchoNous,https://www.linkedin.com/company/410156/about/
"Spirox, Inc.",https://www.linkedin.com/company/6432296/about/
Arbor Pharmaceuticals,https://www.linkedin.com/company/1215602/about/
Lake Region Medical,https://www.linkedin.com/company/82674/about/
HCA Healthcare,https://www.linkedin.com/company/3626/about/
Jazz Pharmaceuticals,https://www.linkedin.com/company/164525/about/
Healthcare Private Equity Association (HCPEA),https://www.linkedin.com/company/11084986/about/
Alliance HealthCare Services,https://www.linkedin.com/company/17254/about/
Accel-KKR,https://www.linkedin.com/company/57752/about/
"Donaldson, Lufkin & Jenrette",https://www.linkedin.com/company/13739990/about/
Global Brain Corporation,https://www.linkedin.com/company/6669994/about/
ofo Singapore,https://www.linkedin.com/company/13312955/about/
Hakuhodo Percept Pvt. Ltd.,https://www.linkedin.com/search/results/all/?keywords=Hakuhodo+Percept+Pvt%2E+Ltd%2E
Healthcare Hackathon Hub,https://www.linkedin.com/company/30926600/about/
Lifetime Ventures,https://www.linkedin.com/company/30926547/about/
Incubate Fund,https://www.linkedin.com/company/8381310/about/
KPMG,https://www.linkedin.com/company/2525300/about/
PwC,https://www.linkedin.com/company/1044/about/
三井住友海上キャピタル株式会社,https://www.linkedin.com/search/results/all/?keywords=%E4%B8%89%E4%BA%95%E4%BD%8F%E5%8F%8B%E6%B5%B7%E4%B8%8A%E3%82%AD%E3%83%A3%E3%83%94%E3%82%BF%E3%83%AB%E6%A0%AA%E5%BC%8F%E4%BC%9A%E7%A4%BE
Incubate Fund,https://www.linkedin.com/search/results/all/?keywords=Incubate+Fund
Selene Venture Partners,https://www.linkedin.com/search/results/all/?keywords=Selene+Venture+Partners
株式会社ポケラボ,https://www.linkedin.com/company/33339737/about/
CyberAgent,https://www.linkedin.com/company/67479/about/
フューチャーベンチャーキャピタル（株）,https://www.linkedin.com/company/33364822/about/
Revaia,https://www.linkedin.com/company/14868997/about/
Wing,https://www.linkedin.com/company/10073758/about/
BNP Paribas CIB,https://www.linkedin.com/company/3880216/about/
Societe Generale Corporate and Investment Banking - SGCIB,https://www.linkedin.com/company/3496831/about/
Degroof Petercam,https://www.linkedin.com/company/10164468/about/
Optimy,https://www.linkedin.com/company/2477989/about/
Agent Capital,https://www.linkedin.com/company/18245086/about/
Baxalta,https://www.linkedin.com/company/9450864/about/
Baxter Healthcare Corporation,https://www.linkedin.com/company/9537729/about/
Macquarie Group,https://www.linkedin.com/company/3537/about/
Macquarie Capital,https://www.linkedin.com/company/13720112/about/
Insight Venture Partners,https://www.linkedin.com/company/21064/about/
UBS Capital,https://www.linkedin.com/search/results/all/?keywords=UBS+Capital
Price Waterhouse Management Consultants,https://www.linkedin.com/company/1044/about/
Lightspeed Venture Partners,https://www.linkedin.com/company/30258/about/
Nutanix,https://www.linkedin.com/company/735085/about/
ThoughtSpot,https://www.linkedin.com/company/2647843/about/
"Rubrik, Inc.",https://www.linkedin.com/company/4840301/about/
Clever Inc.,https://www.linkedin.com/company/2705784/about/
MuleSoft,https://www.linkedin.com/company/64251/about/
Kixeye,https://www.linkedin.com/company/532846/about/
AppDynamics,https://www.linkedin.com/company/594846/about/
Zscaler Inc.,https://www.linkedin.com/company/234625/about/
TheFind.com (Acquired by Facebook),https://www.linkedin.com/company/57494/about/
Natera (NASD:NTRA),https://www.linkedin.com/company/1051903/about/
SailPoint Technologies (NYSE: SAIL),https://www.linkedin.com/search/results/all/?keywords=SailPoint+Technologies+%28NYSE%3A+SAIL%29
EdgeSpring (acquired by Salesforce.com),https://www.linkedin.com/company/1336391/about/
OpTier,https://www.linkedin.com/company/21258/about/
RAPSphere (acquired by Appsense),https://www.linkedin.com/company/15403/about/
Kosmix (acquired by Walmart),https://www.linkedin.com/company/30283/about/
TutorVista Global Pvt Ltd (acquired by Pearson PLC),https://www.linkedin.com/company/149849/about/
Mercantila (acquired by Google),https://www.linkedin.com/company/26426/about/
Virsa Systems (acquired by SAP),https://www.linkedin.com/company/18570/about/
Riverbed Technology (NYSE: RVBD),https://www.linkedin.com/company/7796/about/
TiE,https://www.linkedin.com/company/9962/about/
Waveset Technologies (acquired by Oracle),https://www.linkedin.com/search/results/all/?keywords=Waveset+Technologies+%28acquired+by+Oracle%29
Totality (Acquired by Verizon),https://www.linkedin.com/company/11094/about/
NetGenesis (NASD:NGEN),https://www.linkedin.com/company/15292/about/
Bessemer Venture Partners,https://www.linkedin.com/company/16754/about/
Verio (NASD:VRIO),https://www.linkedin.com/company/3491/about/
Silicon Graphics,https://www.linkedin.com/company/1972/about/
Booz Allen Hamilton,https://www.linkedin.com/company/1403/about/
Fortissimo Capital,https://www.linkedin.com/company/1130889/about/
Magal Security Systems,https://www.linkedin.com/company/131579/about/
NICE Systems,https://www.linkedin.com/company/4728/about/
Morgan Stanley Expansion Capital,https://www.linkedin.com/company/497017/about/
CompStak®,https://www.linkedin.com/company/2429251/about/
airSlate | Business Automation,https://www.linkedin.com/company/18882930/about/
OpsRamp,https://www.linkedin.com/company/13400542/about/
Neo4j,https://www.linkedin.com/company/828370/about/
Cohesity,https://www.linkedin.com/company/3750699/about/
VizExplorer,https://www.linkedin.com/company/455050/about/
Instapage,https://www.linkedin.com/company/2746760/about/
Voices.com,https://www.linkedin.com/company/150053/about/
EZ Texting,https://www.linkedin.com/company/1439495/about/
"VBrick Systems, Inc.",https://www.linkedin.com/company/25388/about/
Ecwid,https://www.linkedin.com/company/1249969/about/
Marin Country Day School,https://www.linkedin.com/company/1175567/about/
MotionPoint,https://www.linkedin.com/company/83379/about/
DocuWare,https://www.linkedin.com/company/101401/about/
Samanage,https://www.linkedin.com/company/262758/about/
Vigilant Solutions,https://www.linkedin.com/company/1747412/about/
Summer Search,https://www.linkedin.com/company/38153/about/
Socialware,https://www.linkedin.com/company/385309/about/
Peter's Place Nursery School,https://www.linkedin.com/search/results/all/?keywords=Peter%27s+Place+Nursery+School
Plateau Systems,https://www.linkedin.com/company/10675/about/
"Perceptive Software, Inc.",https://www.linkedin.com/company/2980/about/
"Tarari, Inc.",https://www.linkedin.com/company/22728/about/
Counterpane Internet Security,https://www.linkedin.com/company/16401/about/
Avamar,https://www.linkedin.com/search/results/all/?keywords=Avamar
Netscape Communications,https://www.linkedin.com/company/3754/about/
WestBridge Capital Partners,https://www.linkedin.com/company/1934229/about/
Princeton University,https://www.linkedin.com/company/157313/about/
American India Foundation,https://www.linkedin.com/company/29782/about/
Sequoia Capital India,https://www.linkedin.com/company/11190/about/
WestBridge Capital,https://www.linkedin.com/company/1934229/about/
Goldman Sachs,https://www.linkedin.com/company/1382/about/
McKinsey & Co,https://www.linkedin.com/company/1371/about/
Great Hill Partners,https://www.linkedin.com/company/29507/about/
Intapp,https://www.linkedin.com/company/64081/about/
Locus Robotics,https://www.linkedin.com/company/5323223/about/
Paradox,https://www.linkedin.com/company/10804989/about/
Skillz Inc.,https://www.linkedin.com/company/3104354/about/
Terminus,https://www.linkedin.com/company/5127049/about/
EnterpriseDB,https://www.linkedin.com/company/14958/about/
Varicent,https://www.linkedin.com/company/50650/about/
Mission,https://www.linkedin.com/company/18732642/about/
Totango,https://www.linkedin.com/company/760976/about/
Evolve IP,https://www.linkedin.com/company/273381/about/
Gizmodo Media Group,https://www.linkedin.com/company/48165042/about/
Ikon Science,https://www.linkedin.com/company/103761/about/
Domino Data Lab,https://www.linkedin.com/company/3542130/about/
ZoomInfo,https://www.linkedin.com/company/16272/about/
SheKnows Media,https://www.linkedin.com/company/129541/about/
AllWebLeads,https://www.linkedin.com/search/results/all/?keywords=AllWebLeads
Ziff Davis,https://www.linkedin.com/company/4469/about/
Central Security Group,https://www.linkedin.com/company/1236177/about/
IGN Entertainment,https://www.linkedin.com/company/2072/about/
Smartmail,https://www.linkedin.com/search/results/all/?keywords=Smartmail
M/C Partners,https://www.linkedin.com/company/52379/about/
Bank of Boston,https://www.linkedin.com/search/results/all/?keywords=Bank+of+Boston
ChaosSearch,https://www.linkedin.com/company/11070870/about/
CloudTruth,https://www.linkedin.com/company/51588752/about/
"Good Sports, Inc.",https://www.linkedin.com/company/1891520/about/
Babson College,https://www.linkedin.com/company/6716/about/
Forbes Technology Council,https://www.linkedin.com/company/11075183/about/
ZoomInfo (acquired by DiscoverOrg),https://www.linkedin.com/search/results/all/?keywords=ZoomInfo+%28acquired+by+DiscoverOrg%29
IBM,https://www.linkedin.com/company/1009/about/
Cloudant (Acquired by IBM Feb 2014),https://www.linkedin.com/search/results/all/?keywords=Cloudant+%28Acquired+by+IBM+Feb+2014%29
Vertica Systems (Acquired by HP),https://www.linkedin.com/company/38252/about/
"Infocrossing, Managed Services (Acquired by Wipro)",https://www.linkedin.com/company/7902/about/
Intellireach (acquired by Infocrossing),https://www.linkedin.com/search/results/all/?keywords=Intellireach+%28acquired+by+Infocrossing%29
SL New Media,https://www.linkedin.com/search/results/all/?keywords=SL+New+Media
Greylock Partners,https://www.linkedin.com/company/18077/about/
Reforge,https://www.linkedin.com/company/7970304/about/
Stitch Fix,https://www.linkedin.com/company/2480854/about/
Various Startups,https://www.linkedin.com/search/results/all/?keywords=Various+Startups
Tilt.com,https://www.linkedin.com/company/2194230/about/
"Endless, Inc.",https://www.linkedin.com/company/2592772/about/
Kitchit,https://www.linkedin.com/company/2307699/about/
"Dell, Inc.",https://www.linkedin.com/company/15088102/about/
ZS Associates,https://www.linkedin.com/company/5240/about/
Electric Capital,https://www.linkedin.com/company/18814392/about/
Startups,https://www.linkedin.com/search/results/all/?keywords=Startups
Facebook,https://www.linkedin.com/company/76987811/about/
Spool,https://www.linkedin.com/search/results/all/?keywords=Spool
PrepMe,https://www.linkedin.com/company/167614/about/
Google,https://www.linkedin.com/company/1441/about/
Lockheed Martin,https://www.linkedin.com/company/1319/about/
Applied Materials,https://www.linkedin.com/company/2018/about/
"Applied Ventures, LLC",https://www.linkedin.com/search/results/all/?keywords=Applied+Ventures%2C+LLC
Atomico,https://www.linkedin.com/company/1223841/about/
The Climate Corporation,https://www.linkedin.com/company/86467/about/
Google Inc,https://www.linkedin.com/company/1441/about/
FTX: Cryptocurrency Derivatives Exchange,https://www.linkedin.com/company/14591654/about/
Alameda Research,https://www.linkedin.com/company/14592416/about/
The Centre for Effective Altruism,https://www.linkedin.com/company/3345128/about/
Jane Street,https://www.linkedin.com/company/1713404/about/
Telefonica,https://www.linkedin.com/company/2103/about/
auravant,https://www.linkedin.com/company/9382637/about/
CORE & GLOBAL IT SOLUTIONS SL,https://www.linkedin.com/company/39786460/about/
MYSPHERA,https://www.linkedin.com/company/2633953/about/
Kenmei Technologies,https://www.linkedin.com/company/11565397/about/
sofiathinks,https://www.linkedin.com/company/49162896/about/
CounterCraft​​ ,https://www.linkedin.com/company/10660741/about/
iHackLabs,https://www.linkedin.com/company/10262759/about/
Genially,https://www.linkedin.com/company/9229212/about/
Wayra,https://www.linkedin.com/company/2640795/about/
MSA Capital,https://www.linkedin.com/company/18592571/about/
Maple Valley Investment,https://www.linkedin.com/company/1926724/about/
China Venture Capital Association,https://www.linkedin.com/search/results/all/?keywords=China+Venture+Capital+Association
Insight Partners,https://www.linkedin.com/company/21064/about/
Team8,https://www.linkedin.com/company/3574763/about/
SoftBank Investment Advisers,https://www.linkedin.com/company/27161398/about/
Viptela,https://www.linkedin.com/company/2761421/about/
VCE,https://www.linkedin.com/company/1581903/about/
Industry Initiative for Science and Math Education (Ignited),https://www.linkedin.com/search/results/all/?keywords=Industry+Initiative+for+Science+and+Math+Education+%28Ignited%29
Cisco,https://www.linkedin.com/company/1063/about/
Compass-EOS,https://www.linkedin.com/company/211574/about/
SYN Ventures,https://www.linkedin.com/company/74305974/about/
ClearSky,https://www.linkedin.com/company/27279508/about/
Phylum,https://www.linkedin.com/company/47604408/about/
RevealSecurity,https://www.linkedin.com/company/72435797/about/
Netography,https://www.linkedin.com/company/35557404/about/
Query.AI,https://www.linkedin.com/company/27190590/about/
SynSaber,https://www.linkedin.com/company/34688561/about/
Okera,https://www.linkedin.com/company/7955186/about/
Mitiga,https://www.linkedin.com/company/15800109/about/
AppOmni,https://www.linkedin.com/company/18700707/about/
ZeroNorth,https://www.linkedin.com/company/10284735/about/
VIVIO Health,https://www.linkedin.com/company/10670606/about/
Eclypsium,https://www.linkedin.com/company/13313453/about/
Elevate Security,https://www.linkedin.com/company/17947720/about/
Accurics,https://www.linkedin.com/company/55043142/about/
Preempt,https://www.linkedin.com/company/3841596/about/
RiskRecon,https://www.linkedin.com/company/15189447/about/
Ticto,https://www.linkedin.com/company/5398122/about/
Yubico,https://www.linkedin.com/company/1554297/about/
BigID,https://www.linkedin.com/company/7594728/about/
Solebit,https://www.linkedin.com/company/4846641/about/
Fortscale,https://www.linkedin.com/company/2756906/about/
"Cylance, Inc.",https://www.linkedin.com/company/2715706/about/
Dropbox,https://www.linkedin.com/company/167251/about/
Salesforce,https://www.linkedin.com/company/3185/about/
Kaiser Permanente,https://www.linkedin.com/company/1550/about/
McKesson,https://www.linkedin.com/company/1900/about/
eNetSecure (subsidiary of Applied Signal Technologies NYSE:APSG),https://www.linkedin.com/search/results/all/?keywords=eNetSecure+%28subsidiary+of+Applied+Signal+Technologies+NYSE%3AAPSG%29
nCircle,https://www.linkedin.com/company/10050/about/
Ernst & Young LLP,https://www.linkedin.com/company/1073/about/
FUTURY VC,https://www.linkedin.com/company/74228918/about/
Solasta Ventures,https://www.linkedin.com/company/64528479/about/
AJU IB Investment - US Office,https://www.linkedin.com/search/results/all/?keywords=AJU+IB+Investment+-+US+Office
RBS Citizens Bank,https://www.linkedin.com/search/results/all/?keywords=RBS+Citizens+Bank
Berwind Private Equity,https://www.linkedin.com/search/results/all/?keywords=Berwind+Private+Equity
"Crane Partners, LLC",https://www.linkedin.com/search/results/all/?keywords=Crane+Partners%2C+LLC
"Kibo Technology Advancing Capital, Co.",https://www.linkedin.com/search/results/all/?keywords=Kibo+Technology+Advancing+Capital%2C+Co%2E
Longwood Fund,https://www.linkedin.com/company/18276724/about/
Rectify Pharma,https://www.linkedin.com/company/76488484/about/
Be Biopharma,https://www.linkedin.com/company/68852376/about/
Lassen Therapeutics,https://www.linkedin.com/company/54155111/about/
Pyxis Oncology,https://www.linkedin.com/company/40761459/about/
resTORbio,https://www.linkedin.com/company/28595618/about/
Vor Biopharma,https://www.linkedin.com/company/35631769/about/
"Vedanta Biosciences, Inc.",https://www.linkedin.com/company/9259898/about/
PureTech Health,https://www.linkedin.com/company/52928/about/
Enlight Biosciences,https://www.linkedin.com/search/results/all/?keywords=Enlight+Biosciences
Boston Consulting Group,https://www.linkedin.com/company/1784/about/
Vertex Partners,https://www.linkedin.com/search/results/all/?keywords=Vertex+Partners
Procter & Gamble,https://www.linkedin.com/company/1116/about/
Global Ventures,https://www.linkedin.com/company/14526053/about/
Education For Employment - Global (EFE-Global),https://www.linkedin.com/company/3214144/about/
Urbyno,https://www.linkedin.com/search/results/all/?keywords=Urbyno
VAM Acquisition Corp.,https://www.linkedin.com/company/78457812/about/
MAX,https://www.linkedin.com/company/10152353/about/
TeamApt,https://www.linkedin.com/company/10034372/about/
Nexford University,https://www.linkedin.com/company/27234927/about/
Lamsa | لمسة,https://www.linkedin.com/company/4868171/about/
Proximie,https://www.linkedin.com/company/10808099/about/
Helium Health,https://www.linkedin.com/company/11053562/about/
TechWadi,https://www.linkedin.com/company/962550/about/
MUNCH:ON,https://www.linkedin.com/company/10302082/about/
Arrow Labs,https://www.linkedin.com/company/13324605/about/
Clue by Biowink,https://www.linkedin.com/company/3524791/about/
The Forum of Young Global Leaders,https://www.linkedin.com/company/28635899/about/
Middle East Venture Capital Association,https://www.linkedin.com/company/14513007/about/
The Aspen Institute,https://www.linkedin.com/company/166349/about/
MIT Sloan School of Management,https://www.linkedin.com/company/1501/about/
MIT Enterprise Forum Pan Arab,https://www.linkedin.com/company/514318/about/
Ogram,https://www.linkedin.com/company/18073166/about/
Tribal Credit,https://www.linkedin.com/company/19232403/about/
Dubai Future Foundation,https://www.linkedin.com/search/results/all/?keywords=Dubai+Future+Foundation
Endeavor UAE,https://www.linkedin.com/search/results/all/?keywords=Endeavor+UAE
Leap Ventures,https://www.linkedin.com/search/results/all/?keywords=Leap+Ventures
85Broads/Ellevate,https://www.linkedin.com/search/results/all/?keywords=85Broads%2FEllevate
Middle East Investor Relations Society,https://www.linkedin.com/search/results/all/?keywords=Middle+East+Investor+Relations+Society
ZenYoga,https://www.linkedin.com/search/results/all/?keywords=ZenYoga
Depa Ltd,https://www.linkedin.com/company/270003/about/
DIFC,https://www.linkedin.com/company/24163/about/
Accenture,https://www.linkedin.com/company/1033/about/
Camber Creek,https://www.linkedin.com/company/5085768/about/
Notarize,https://www.linkedin.com/company/10445635/about/
Measurabl,https://www.linkedin.com/company/3043089/about/
Darwin Homes - Property Management,https://www.linkedin.com/company/18861876/about/
Council on Foreign Relations,https://www.linkedin.com/company/12271/about/
Rabbet,https://www.linkedin.com/company/18937694/about/
WhyHotel,https://www.linkedin.com/company/11007361/about/
Nestio,https://www.linkedin.com/company/2088235/about/
Bowery Real Estate Systems,https://www.linkedin.com/company/12898053/about/
The White House,https://www.linkedin.com/company/11179641/about/
GSA,https://www.linkedin.com/company/5353/about/
Country Roads Foundation,https://www.linkedin.com/search/results/all/?keywords=Country+Roads+Foundation
The Boston Consulting Group,https://www.linkedin.com/company/1784/about/
The Bridgespan Group,https://www.linkedin.com/company/11750/about/
Healey Development,https://www.linkedin.com/search/results/all/?keywords=Healey+Development
Deloitte Consulting,https://www.linkedin.com/company/1038/about/
Healthy Kids Foundation,https://www.linkedin.com/search/results/all/?keywords=Healthy+Kids+Foundation
Fidelity Investments,https://www.linkedin.com/company/1307/about/
Northzone,https://www.linkedin.com/company/601679/about/
Personio,https://www.linkedin.com/company/10180448/about/
Kahoot!,https://www.linkedin.com/company/3324893/about/
Forto,https://www.linkedin.com/company/43352617/about/
Catawiki,https://www.linkedin.com/company/1314652/about/
Aidence,https://www.linkedin.com/company/17933144/about/
Accel Partners,https://www.linkedin.com/company/17412/about/
Fiverr,https://www.linkedin.com/company/861427/about/
Carmine Interactive,https://www.linkedin.com/company/2346943/about/
Solid Wave,https://www.linkedin.com/search/results/all/?keywords=Solid+Wave
Organon Venezolana,https://www.linkedin.com/company/3605/about/
Shopping.com,https://www.linkedin.com/company/6121/about/
Digital Jones,https://www.linkedin.com/search/results/all/?keywords=Digital+Jones
BCG,https://www.linkedin.com/company/1784/about/
Digital+ Partners,https://www.linkedin.com/company/10304592/about/
Platform.sh,https://www.linkedin.com/company/10304431/about/
CleverConnect,https://www.linkedin.com/company/660883/about/
quantilope,https://www.linkedin.com/company/17950375/about/
Cosaic,https://www.linkedin.com/company/2580096/about/
riskmethods,https://www.linkedin.com/company/2887450/about/
orderbird AG,https://www.linkedin.com/company/2777254/about/
Seven Senders,https://www.linkedin.com/company/4847666/about/
Commerzbank AG,https://www.linkedin.com/company/157323/about/
Soltrx Transaction Services GmbH,https://www.linkedin.com/company/12298149/about/
Mastercard,https://www.linkedin.com/company/3015/about/
Deutsche Bank,https://www.linkedin.com/company/1262/about/
Delta-v Capital,https://www.linkedin.com/company/961109/about/
LogRocket,https://www.linkedin.com/company/10821405/about/
Kentik,https://www.linkedin.com/company/6473809/about/
Teamworks,https://www.linkedin.com/company/2546441/about/
Arctic Wolf Networks,https://www.linkedin.com/company/2760138/about/
CloudBees,https://www.linkedin.com/company/1189836/about/
BitPay,https://www.linkedin.com/company/2903458/about/
Venafi,https://www.linkedin.com/company/207624/about/
Socrata,https://www.linkedin.com/company/428169/about/
"ExteNet Systems, Inc.",https://www.linkedin.com/company/834572/about/
American Capital,https://www.linkedin.com/company/162414/about/
Asier Technology Corporation,https://www.linkedin.com/search/results/all/?keywords=Asier+Technology+Corporation
3H Health Investment,https://www.linkedin.com/search/results/all/?keywords=3H+Health+Investment
北京大学医药管理国际研究中心,https://www.linkedin.com/search/results/all/?keywords=%E5%8C%97%E4%BA%AC%E5%A4%A7%E5%AD%A6%E5%8C%BB%E8%8D%AF%E7%AE%A1%E7%90%86%E5%9B%BD%E9%99%85%E7%A0%94%E7%A9%B6%E4%B8%AD%E5%BF%83
Hony Capital,https://www.linkedin.com/company/81897/about/
Amplify Partners,https://www.linkedin.com/company/2926380/about/
Datadog,https://www.linkedin.com/company/1066442/about/
covariant.ai,https://www.linkedin.com/company/18927753/about/
Einblick,https://www.linkedin.com/company/56402669/about/
The System Initiative,https://www.linkedin.com/company/28780157/about/
Sym,https://www.linkedin.com/company/37572093/about/
Runway,https://www.linkedin.com/company/11741116/about/
PicnicHealth,https://www.linkedin.com/company/6575934/about/
Hex Technologies,https://www.linkedin.com/company/69022212/about/
InterVenn Biosciences,https://www.linkedin.com/company/13196399/about/
Replicated,https://www.linkedin.com/company/9374815/about/
mabl,https://www.linkedin.com/company/11166046/about/
Enlitic,https://www.linkedin.com/company/3839175/about/
ActionIQ,https://www.linkedin.com/company/3796428/about/
Fastly,https://www.linkedin.com/company/2602522/about/
Backtrace I/O,https://www.linkedin.com/company/9312514/about/
Chef (formerly Opscode),https://www.linkedin.com/company/223176/about/
Scaled Inference,https://www.linkedin.com/company/5369298/about/
"Turbine Labs, Inc",https://www.linkedin.com/company/6613498/about/
"BlueData, Inc.",https://www.linkedin.com/company/3095294/about/
WibiData,https://www.linkedin.com/company/2471830/about/
Cask Data,https://www.linkedin.com/company/2552378/about/
Keen IO,https://www.linkedin.com/company/2612487/about/
"Conjur, Inc",https://www.linkedin.com/company/3071019/about/
Defend7,https://www.linkedin.com/company/3687664/about/
Agari,https://www.linkedin.com/company/2382733/about/
GreenBytes,https://www.linkedin.com/company/483536/about/
Precidian Investments,https://www.linkedin.com/search/results/all/?keywords=Precidian+Investments
Tracelytics,https://www.linkedin.com/company/1189940/about/
"Viridity Software, Inc.",https://www.linkedin.com/company/283654/about/
Netezza,https://www.linkedin.com/company/10396/about/
Alex. Brown & Sons,https://www.linkedin.com/search/results/all/?keywords=Alex%2E+Brown+%26+Sons
Sequoia Capital,https://www.linkedin.com/company/11190/about/
McKinsey&Company,https://www.linkedin.com/company/1371/about/
Wipro Technologies,https://www.linkedin.com/company/1318/about/
博報堂/博報堂ＤＹメディアパートナーズグループ会社,https://www.linkedin.com/company/15189331/about/
KLab Venture Partners,https://www.linkedin.com/search/results/all/?keywords=KLab+Venture+Partners
"RECRUIT COMMUNICATIONS CO.,LTD.",https://www.linkedin.com/company/8615257/about/
Recruit,https://www.linkedin.com/company/14652719/about/
JTB,https://www.linkedin.com/company/37649/about/
"Keio Innovation Initiative, Inc.",https://www.linkedin.com/company/14443228/about/
Elanco,https://www.linkedin.com/company/324604/about/
dog days,https://www.linkedin.com/search/results/all/?keywords=dog+days
Lux Capital,https://www.linkedin.com/company/751552/about/
Subspace,https://www.linkedin.com/company/33453725/about/
"Aeva, Inc",https://www.linkedin.com/company/18290176/about/
Survios,https://www.linkedin.com/company/3172262/about/
Mythic,https://www.linkedin.com/company/17999165/about/
Covariant,https://www.linkedin.com/company/18927753/about/
Planet,https://www.linkedin.com/company/3200474/about/
Zoox,https://www.linkedin.com/company/7597308/about/
Nervana,https://www.linkedin.com/company/27201264/about/
Imperva (Formerly Prevoty),https://www.linkedin.com/company/3147480/about/
"SiBEAM, Inc.",https://www.linkedin.com/company/4872259/about/
Silicon Clocks,https://www.linkedin.com/company/57030/about/
UCLA Henry Samueli School of Engineering and Applied Science,https://www.linkedin.com/company/18108926/about/
Intelligent Control Systems,https://www.linkedin.com/search/results/all/?keywords=Intelligent+Control+Systems
General Motors,https://www.linkedin.com/company/1472/about/
Telegenisys,https://www.linkedin.com/search/results/all/?keywords=Telegenisys
Aurorasoft,https://www.linkedin.com/search/results/all/?keywords=Aurorasoft
The Miner Foundation,https://www.linkedin.com/search/results/all/?keywords=The+Miner+Foundation
SunBridge Corp.,https://www.linkedin.com/company/1927446/about/
"Insight Technology, Inc.",https://www.linkedin.com/company/1630129/about/
JAPAN CLOUD,https://www.linkedin.com/company/18141897/about/
KEIRETSU FORUM (JAPAN),https://www.linkedin.com/company/13301848/about/
QoN,https://www.linkedin.com/search/results/all/?keywords=QoN
SAP Concur,https://www.linkedin.com/company/5822/about/
Marketo Japan,https://www.linkedin.com/search/results/all/?keywords=Marketo+Japan
ModuleQ,https://www.linkedin.com/company/2708312/about/
CalmSea Inc,https://www.linkedin.com/company/620815/about/
ITmedia (@IT),https://www.linkedin.com/search/results/all/?keywords=ITmedia+%28%40IT%29
Oracle,https://www.linkedin.com/company/1028/about/
Oracle Japan 日本オラクル,https://www.linkedin.com/company/10173544/about/
A91 Partners,https://www.linkedin.com/search/results/all/?keywords=A91+Partners
CapitalG,https://www.linkedin.com/company/17876832/about/
GoSello,https://www.linkedin.com/search/results/all/?keywords=GoSello
Clever Layover,https://www.linkedin.com/search/results/all/?keywords=Clever+Layover
Greenext Technology Solutions,https://www.linkedin.com/search/results/all/?keywords=Greenext+Technology+Solutions
Graminavitas,https://www.linkedin.com/search/results/all/?keywords=Graminavitas
The University of British Columbia,https://www.linkedin.com/company/4373/about/
Beyond Next Ventures株式会社,https://www.linkedin.com/company/17990435/about/
"DBJ Capital Co., Ltd.",https://www.linkedin.com/search/results/all/?keywords=DBJ+Capital+Co%2E%2C+Ltd%2E
Vertex Growth,https://www.linkedin.com/company/14761701/about/
The Hong Kong University of Science and Technology Entrepreneurship Fund (E-Fund),https://www.linkedin.com/company/11966/about/
Dailybox Group,https://www.linkedin.com/company/31245135/about/
alt.ai,https://www.linkedin.com/search/results/all/?keywords=alt%2Eai
Cylus,https://www.linkedin.com/company/18413393/about/
PlayNitride,https://www.linkedin.com/company/13717955/about/
NEIWAI,https://www.linkedin.com/company/13666206/about/
Virta Ltd,https://www.linkedin.com/company/5005339/about/
EndoGastric Solutions,https://www.linkedin.com/company/55007/about/
Verbit.ai,https://www.linkedin.com/company/18106245/about/
Taranis,https://www.linkedin.com/company/5283228/about/
17LIVE Inc.,https://www.linkedin.com/company/11712268/about/
Cymulate,https://www.linkedin.com/company/10868396/about/
"NUVAIRA, Inc.",https://www.linkedin.com/company/9204540/about/
Tricec Pte Ltd,https://www.linkedin.com/company/13183559/about/
EDBI Pte Ltd,https://www.linkedin.com/company/272319/about/
"IFC, World Bank Group",https://www.linkedin.com/company/4783/about/
Exploit Technologies Pte Ltd,https://www.linkedin.com/company/46372/about/
Accuron Technologies Limited,https://www.linkedin.com/company/6910944/about/
VERTEX MANAGEMENT LIMITED,https://www.linkedin.com/company/6747940/about/
Temasek,https://www.linkedin.com/company/15956/about/
Mediacorp Pte Ltd,https://www.linkedin.com/company/12075/about/
Singapore Civil Service,https://www.linkedin.com/search/results/all/?keywords=Singapore+Civil+Service
Vertex Ventures SE Asia & India,https://www.linkedin.com/company/75612164/about/
Osage University Partners,https://www.linkedin.com/company/3223034/about/
Three Arch Partners,https://www.linkedin.com/search/results/all/?keywords=Three+Arch+Partners
Northstar Group,https://www.linkedin.com/search/results/all/?keywords=Northstar+Group
GIC Special Investments,https://www.linkedin.com/search/results/all/?keywords=GIC+Special+Investments
GIC Real Estate,https://www.linkedin.com/search/results/all/?keywords=GIC+Real+Estate
Toscafund Asset Management LLP,https://www.linkedin.com/company/8672547/about/
AnaCap Financial Partners,https://www.linkedin.com/company/111734/about/
"Caravela  - Companhia de Seguros, SA",https://www.linkedin.com/company/11112600/about/
LIQID,https://www.linkedin.com/company/9847424/about/
VoxSmart,https://www.linkedin.com/company/624074/about/
Raffolux,https://www.linkedin.com/company/18793631/about/
Lemon Way,https://www.linkedin.com/company/753516/about/
FAI Aviation Group,https://www.linkedin.com/company/1201821/about/
Marfin Investment Group (MIG),https://www.linkedin.com/company/2158045/about/
Credit Suisse,https://www.linkedin.com/company/1284/about/
UBS Investment Bank,https://www.linkedin.com/company/1214/about/
Powerhouse Ventures,https://www.linkedin.com/company/3589045/about/
Sluggr,https://www.linkedin.com/company/13217166/about/
AT Capital Pte. Ltd.,https://www.linkedin.com/company/3682733/about/
PwC India,https://www.linkedin.com/company/1092713/about/
Price Waterhouse,https://www.linkedin.com/search/results/all/?keywords=Price+Waterhouse
Headline Asia,https://www.linkedin.com/company/71653093/about/
Figure,https://www.linkedin.com/company/18498808/about/
BlueVine,https://www.linkedin.com/company/4989275/about/
Liquidity,https://www.linkedin.com/company/18225843/about/
"MUFG Innovation Partners Co., Ltd",https://www.linkedin.com/search/results/all/?keywords=MUFG+Innovation+Partners+Co%2E%2C+Ltd
Fundbox,https://www.linkedin.com/company/2933801/about/
Veem,https://www.linkedin.com/company/3674020/about/
freee 株式会社,https://www.linkedin.com/company/2861339/about/
Paidy,https://www.linkedin.com/company/3858692/about/
Beam,https://www.linkedin.com/company/11804811/about/
Fyle,https://www.linkedin.com/company/10438131/about/
DataWeave,https://www.linkedin.com/company/2256618/about/
Starship Technologies,https://www.linkedin.com/company/6646555/about/
Open Financial Technologies,https://www.linkedin.com/company/13255289/about/
ScoreData Corporation,https://www.linkedin.com/company/3486006/about/
Plenty,https://www.linkedin.com/company/17928683/about/
Node.io,https://www.linkedin.com/company/6435167/about/
CleverTap,https://www.linkedin.com/company/6611801/about/
Locus.sh,https://www.linkedin.com/company/10155969/about/
LawGeex,https://www.linkedin.com/company/9435398/about/
Alignable,https://www.linkedin.com/company/2763164/about/
Shiprocket,https://www.linkedin.com/company/3767419/about/
DataRobot,https://www.linkedin.com/company/2672915/about/
Tokyo Otaku Mode Inc.,https://www.linkedin.com/company/3830008/about/
"Kabbage, Inc",https://www.linkedin.com/company/262721/about/
Fishbrain,https://www.linkedin.com/company/2228883/about/
99designs,https://www.linkedin.com/company/167052/about/
"NewsPicks USA, LLC",https://www.linkedin.com/company/18169688/about/
Gengo,https://www.linkedin.com/company/222172/about/
Sprinklr,https://www.linkedin.com/company/399351/about/
bitFlyer Holdings,https://www.linkedin.com/company/14562372/about/
Cheetah,https://www.linkedin.com/company/10402752/about/
Tradeshift,https://www.linkedin.com/company/845066/about/
Blacklane,https://www.linkedin.com/company/2683033/about/
Udacity,https://www.linkedin.com/company/2475568/about/
株式会社 クラウドワークス,https://www.linkedin.com/company/9721930/about/
Ossia Inc.,https://www.linkedin.com/company/3329136/about/
Everyhing Me,https://www.linkedin.com/search/results/all/?keywords=Everyhing+Me
八面六臂株式会社,https://www.linkedin.com/company/33413202/about/
ライフイズテック株式会社,https://www.linkedin.com/company/33363219/about/
DocuSign,https://www.linkedin.com/company/19022/about/
Zenbanx,https://www.linkedin.com/company/3509942/about/
Noom Inc.,https://www.linkedin.com/company/2503130/about/
Wongnai.com,https://www.linkedin.com/company/1079839/about/
"Muzy, Inc.",https://www.linkedin.com/company/16093819/about/
Ardent Capital,https://www.linkedin.com/company/2633674/about/
Snapdeal,https://www.linkedin.com/company/2100709/about/
"Loco Partners, Inc. (Relux)",https://www.linkedin.com/company/3345249/about/
Rent The Runway,https://www.linkedin.com/company/1072347/about/
"SkimaTalk, Inc",https://www.linkedin.com/company/2872165/about/
MILLEPORTE (K.K. B4F),https://www.linkedin.com/company/10823575/about/
（株）ネットマーケティング,https://www.linkedin.com/company/33406678/about/
Chartboost,https://www.linkedin.com/company/1965603/about/
LeadGenius,https://www.linkedin.com/company/2236949/about/
"Recruit Strategic Partners, Inc.",https://www.linkedin.com/company/14652719/about/
58同城,https://www.linkedin.com/company/1397112/about/
"Recruit Co.,Ltd.",https://www.linkedin.com/company/10217189/about/
Sports Ratings corpration,https://www.linkedin.com/search/results/all/?keywords=Sports+Ratings+corpration
"UFJ Tsubasa Securities Co., Ltd.",https://www.linkedin.com/search/results/all/?keywords=UFJ+Tsubasa+Securities+Co%2E%2C+Ltd%2E
Global Brain,https://www.linkedin.com/search/results/all/?keywords=Global+Brain
Sanwa Bank Limited / UFJ Bank Limited,https://www.linkedin.com/search/results/all/?keywords=Sanwa+Bank+Limited+%2F+UFJ+Bank+Limited
Plug and Play Tech Center,https://www.linkedin.com/company/84179/about/
Plug and Play Japan,https://www.linkedin.com/company/14503960/about/
TPY Capital,https://www.linkedin.com/company/1624928/about/
Qedma Quantum Computing,https://www.linkedin.com/company/71646090/about/
UNIPaaS Payments Technologies,https://www.linkedin.com/company/65409798/about/
ReturnGO,https://www.linkedin.com/company/67902660/about/
Datomize,https://www.linkedin.com/company/65015537/about/
Tabnine (formerly Codota),https://www.linkedin.com/company/3236936/about/
Seebo,https://www.linkedin.com/company/1477687/about/
PASQAL,https://www.linkedin.com/company/19068665/about/
Signals Analytics,https://www.linkedin.com/company/1022455/about/
Taché Investments,https://www.linkedin.com/company/303261/about/
Palmier Finance,https://www.linkedin.com/company/37898775/about/
Kazo Investments,https://www.linkedin.com/company/14823237/about/
IDF - Israel Defence Forces,https://www.linkedin.com/company/11689046/about/
Better,https://www.linkedin.com/company/832701/about/
Teachmint,https://www.linkedin.com/company/42782711/about/
Filo,https://www.linkedin.com/company/69526946/about/
slice,https://www.linkedin.com/company/30246063/about/
M2P Fintech,https://www.linkedin.com/company/4824617/about/
KhataBook,https://www.linkedin.com/company/14606010/about/
Rupeek,https://www.linkedin.com/company/10045372/about/
Voosh,https://www.linkedin.com/company/68063838/about/
Kolo,https://www.linkedin.com/company/73859244/about/
Roket,https://www.linkedin.com/company/73272224/about/
Gaming Panda,https://www.linkedin.com/company/47580567/about/
YourPhysio,https://www.linkedin.com/company/24776499/about/
Bijak,https://www.linkedin.com/company/14539343/about/
Jupiter,https://www.linkedin.com/company/64631899/about/
Airmeet.com,https://www.linkedin.com/company/13414481/about/
FITTR,https://www.linkedin.com/company/2970058/about/
Skill-Lync,https://www.linkedin.com/company/9371437/about/
ReadyContacts,https://www.linkedin.com/company/1094414/about/
AngelList India,https://www.linkedin.com/company/13628307/about/
PicBackMan,https://www.linkedin.com/company/3308595/about/
Framebench (acquired by Freshdesk Inc),https://www.linkedin.com/company/2526586/about/
Fliptop (acquired by LinkedIn),https://www.linkedin.com/company/290903/about/
Mobileum,https://www.linkedin.com/company/11086/about/
"Corio, Inc.",https://www.linkedin.com/company/8327/about/
"i2 Technologies, Inc.",https://www.linkedin.com/company/2386/about/
Microsoft,https://www.linkedin.com/company/1035/about/
Dell India,https://www.linkedin.com/company/15088102/about/
"Dell, Inc",https://www.linkedin.com/company/15088102/about/
Projection-ai,https://www.linkedin.com/search/results/all/?keywords=Projection-ai
One Capital,https://www.linkedin.com/company/47654778/about/
Smaregi,https://www.linkedin.com/search/results/all/?keywords=Smaregi
EventHub,https://www.linkedin.com/company/14472583/about/
Delighted(Receptionist),https://www.linkedin.com/search/results/all/?keywords=Delighted%28Receptionist%29
Readyfor,https://www.linkedin.com/search/results/all/?keywords=Readyfor
Sunbridge,https://www.linkedin.com/search/results/all/?keywords=Sunbridge
Oct(Andpad),https://www.linkedin.com/search/results/all/?keywords=Oct%28Andpad%29
Studist Corporation,https://www.linkedin.com/company/13438264/about/
BizReach,https://www.linkedin.com/company/1052206/about/
株式会社グッドパッチ,https://www.linkedin.com/company/3245511/about/
"Toreta, Inc.",https://www.linkedin.com/company/10498284/about/
"Yappli, Inc.",https://www.linkedin.com/search/results/all/?keywords=Yappli%2C+Inc%2E
マネーツリー株式会社,https://www.linkedin.com/company/3092988/about/
Sansan株式会社,https://www.linkedin.com/company/512526/about/
株式会社シャノン,https://www.linkedin.com/company/156502/about/
TerraSky,https://www.linkedin.com/company/729861/about/
HottoLink Inc.,https://www.linkedin.com/company/152999/about/
"ABEJA, Inc.",https://www.linkedin.com/company/10670429/about/
PhoneAppli Inc.,https://www.linkedin.com/company/10531660/about/
UZABASE Inc.,https://www.linkedin.com/company/2056432/about/
"Mercari, Inc.",https://www.linkedin.com/company/3642458/about/
"WHILL, Inc.",https://www.linkedin.com/company/3593152/about/
"Muse&Co, Inc.",https://www.linkedin.com/search/results/all/?keywords=Muse%26Co%2C+Inc%2E
ITOCHU Technology Ventures,https://www.linkedin.com/search/results/all/?keywords=ITOCHU+Technology+Ventures
Box,https://www.linkedin.com/company/54178/about/
Voi - Discover your style,https://www.linkedin.com/search/results/all/?keywords=Voi+-+Discover+your+style
Caplan Corporation,https://www.linkedin.com/search/results/all/?keywords=Caplan+Corporation
ITOCHU Corporation,https://www.linkedin.com/company/8428/about/
ITOCHU Techno-Solutions Corporation,https://www.linkedin.com/company/340562/about/
Aruba Networks,https://www.linkedin.com/company/162533/about/
Starent Networks,https://www.linkedin.com/company/8528/about/
Cast Iron Systems(Acquired by IBM),https://www.linkedin.com/company/14846/about/
Physis Capital,https://www.linkedin.com/search/results/all/?keywords=Physis+Capital
Inflection Point Ventures,https://www.linkedin.com/company/14456761/about/
BookMyShow,https://www.linkedin.com/company/3076895/about/
Olacabs.com,https://www.linkedin.com/company/2580522/about/
Being Human Clothing (Mandhana Industries Ltd),https://www.linkedin.com/search/results/all/?keywords=Being+Human+Clothing+%28Mandhana+Industries+Ltd%29
Sofina s.a.,https://www.linkedin.com/company/107435/about/
Cognita Schools,https://www.linkedin.com/company/750796/about/
Mérieux NutriSciences,https://www.linkedin.com/company/1494035/about/
bioMérieux,https://www.linkedin.com/company/162715/about/
UWC Belgium National Committee,https://www.linkedin.com/company/69748653/about/
BMF Participation,https://www.linkedin.com/search/results/all/?keywords=BMF+Participation
Laura Metaal Eygelshoven BV,https://www.linkedin.com/company/1127626/about/
Corus,https://www.linkedin.com/company/4909/about/
Usines Gustave Boël,https://www.linkedin.com/search/results/all/?keywords=Usines+Gustave+Bo%C3%ABl
Salesforce Ventures,https://www.linkedin.com/company/18609517/about/
"NTT DOCOMO Ventures, Inc.",https://www.linkedin.com/company/14383500/about/
IBM Japan,https://www.linkedin.com/company/1009/about/
Alpha Intelligence Capital,https://www.linkedin.com/company/13575933/about/
Photoneo,https://www.linkedin.com/company/3611846/about/
ZeroEyes,https://www.linkedin.com/company/28992755/about/
Retina AI,https://www.linkedin.com/company/17954999/about/
Lassen Peak,https://www.linkedin.com/search/results/all/?keywords=Lassen+Peak
Aidoc Medical,https://www.linkedin.com/company/17885371/about/
"Veo Robotics, Inc.",https://www.linkedin.com/company/10932250/about/
Drishti,https://www.linkedin.com/company/18389336/about/
"Liveops, Inc.",https://www.linkedin.com/company/10526350/about/
Energy Storage Systems (ESS),https://www.linkedin.com/search/results/all/?keywords=Energy+Storage+Systems+%28ESS%29
MPOWER Financing,https://www.linkedin.com/company/10019194/about/
"Lottery.com (AutoLotto, Inc.)",https://www.linkedin.com/company/6425772/about/
Nomura Strategic Ventures,https://www.linkedin.com/search/results/all/?keywords=Nomura+Strategic+Ventures
"NeuroRecovery Technologies, Inc.",https://www.linkedin.com/company/59935805/about/
Presidio Partners,https://www.linkedin.com/company/4859186/about/
Serenova,https://www.linkedin.com/company/14218/about/
Jobvite,https://www.linkedin.com/company/167457/about/
Odyssey Logistics & Technology Corporation,https://www.linkedin.com/company/37898/about/
Beautylish,https://www.linkedin.com/company/1819121/about/
"Mojo Networks, Inc.",https://www.linkedin.com/company/10369123/about/
"Untangle, Inc.",https://www.linkedin.com/company/240725/about/
"MediaSpike, Inc.",https://www.linkedin.com/company/2656785/about/
TriplePoint Capital,https://www.linkedin.com/company/39720/about/
CircleUp,https://www.linkedin.com/company/73526/about/
BlueOak Resources,https://www.linkedin.com/company/2529599/about/
"Enigma Technologies, Inc.",https://www.linkedin.com/company/2852146/about/
Vungle,https://www.linkedin.com/company/1838886/about/
Omada Health,https://www.linkedin.com/company/2227727/about/
"VoloAgri Group, Inc.",https://www.linkedin.com/company/3342510/about/
Main Street Hub,https://www.linkedin.com/company/1166752/about/
Virool (acquired by Turgo),https://www.linkedin.com/company/1568925/about/
Lytro,https://www.linkedin.com/company/1023281/about/
Beyond Meat,https://www.linkedin.com/company/2634332/about/
Centric Software,https://www.linkedin.com/company/14847/about/
Euclid,https://www.linkedin.com/company/1610033/about/
CloudPassage,https://www.linkedin.com/company/1119823/about/
TellApart,https://www.linkedin.com/company/696014/about/
Krux Digital,https://www.linkedin.com/company/1138347/about/
HoneyBook,https://www.linkedin.com/company/2527444/about/
"SURFAIR, INC.",https://www.linkedin.com/company/15457938/about/
StreamOnce,https://www.linkedin.com/company/2660590/about/
Shazam,https://www.linkedin.com/company/33685/about/
Hayneedle.com,https://www.linkedin.com/company/31752/about/
Philo,https://www.linkedin.com/company/2894561/about/
Oppenheimer & Co. Inc.,https://www.linkedin.com/company/94079/about/
Cantor Fitzgerald,https://www.linkedin.com/company/162889/about/
"Hercules Capital, Inc.",https://www.linkedin.com/company/350169/about/
Lighthouse Capital Partners,https://www.linkedin.com/company/35156/about/
Highland Capital Partners,https://www.linkedin.com/company/15374/about/
Robertson Stephens & Company,https://www.linkedin.com/search/results/all/?keywords=Robertson+Stephens+%26+Company
SFC Capital,https://www.linkedin.com/company/3856489/about/
Amplify,https://www.linkedin.com/company/871181/about/
Fitch Solutions,https://www.linkedin.com/company/286485/about/
Pitango Venture Capital,https://www.linkedin.com/company/37846/about/
Finout,https://www.linkedin.com/company/71690614/about/
Komodor,https://www.linkedin.com/company/69529378/about/
Speedata.io,https://www.linkedin.com/company/69219432/about/
AI21 Labs,https://www.linkedin.com/company/18424078/about/
Insurence Tech Company ,https://www.linkedin.com/search/results/all/?keywords=Insurence+Tech+Company+
Graphcore,https://www.linkedin.com/company/10812092/about/
Lumigo,https://www.linkedin.com/company/11839899/about/
iguazio,https://www.linkedin.com/company/5351633/about/
Optibus,https://www.linkedin.com/company/3023213/about/
Logz.io,https://www.linkedin.com/company/4831888/about/
CallApp,https://www.linkedin.com/company/2263245/about/
Crosswise Ltd.,https://www.linkedin.com/company/3295136/about/
Caredox,https://www.linkedin.com/search/results/all/?keywords=Caredox
Giza Venture Capital,https://www.linkedin.com/company/32988/about/
Pebbles Interfaces,https://www.linkedin.com/company/2867392/about/
AdExtent,https://www.linkedin.com/company/147579/about/
Lucidlogix Technologies Ltd.,https://www.linkedin.com/company/10084/about/
Flash Networks,https://www.linkedin.com/company/10709/about/
XtremIO,https://www.linkedin.com/company/632020/about/
Oplus Technologies,https://www.linkedin.com/company/105765/about/
StageOne Ventures,https://www.linkedin.com/company/721261/about/
BeamUP,https://www.linkedin.com/company/35580855/about/
Sedric.ai,https://www.linkedin.com/company/65322617/about/
Canditech,https://www.linkedin.com/company/37414372/about/
Qwak,https://www.linkedin.com/company/70376634/about/
DagsHub,https://www.linkedin.com/company/13986265/about/
Kovrr,https://www.linkedin.com/company/11570750/about/
vHive,https://www.linkedin.com/company/10108173/about/
Amazon Web Services (AWS),https://www.linkedin.com/company/2382910/about/
Oryx Vision,https://www.linkedin.com/company/10684596/about/
Whizm,https://www.linkedin.com/search/results/all/?keywords=Whizm
Vintage Investment Partners,https://www.linkedin.com/company/1814526/about/
K FUND,https://www.linkedin.com/company/10504467/about/
Dealflow,https://www.linkedin.com/company/30106366/about/
Novobrief,https://www.linkedin.com/company/5897938/about/
Tech.eu,https://www.linkedin.com/company/3854659/about/
Startupxplore,https://www.linkedin.com/company/5092382/about/
Weblogs SL,https://www.linkedin.com/company/18718368/about/
We Are Social,https://www.linkedin.com/company/212674/about/
fonmigo,https://www.linkedin.com/company/912036/about/
AperiamVentures,https://www.linkedin.com/company/18419381/about/
MediaMath,https://www.linkedin.com/company/239341/about/
MathCapital,https://www.linkedin.com/search/results/all/?keywords=MathCapital
"Occams Razor, LLC",https://www.linkedin.com/search/results/all/?keywords=Occams+Razor%2C+LLC
[x+1] / Poindexter Systems,https://www.linkedin.com/company/22775/about/
JAZZ Venture Partners,https://www.linkedin.com/company/6584483/about/
Experiential Technology and NeuroGaming Conference & Expo,https://www.linkedin.com/company/1730904/about/
Neurotechnology Industry Organization,https://www.linkedin.com/company/5446500/about/
McGovern Institute for Brain Research,https://www.linkedin.com/company/6944976/about/
GE Ventures,https://www.linkedin.com/company/76167502/about/
HealthRally,https://www.linkedin.com/company/1140919/about/
The Neuro Revolution,https://www.linkedin.com/search/results/all/?keywords=The+Neuro+Revolution
NeuroInsights,https://www.linkedin.com/company/1730904/about/
Steelwedge,https://www.linkedin.com/company/43319/about/
Maxager Technology,https://www.linkedin.com/company/32836/about/
Camden Partners,https://www.linkedin.com/company/73750/about/
CEIPAL Corp.,https://www.linkedin.com/company/4839502/about/
MeetingPlay,https://www.linkedin.com/company/3652442/about/
Volly,https://www.linkedin.com/company/56843/about/
RedPoint Global Inc.,https://www.linkedin.com/company/1191453/about/
OutMatch HCM,https://www.linkedin.com/company/10345904/about/
RocketDocs,https://www.linkedin.com/company/18375855/about/
Viventium,https://www.linkedin.com/company/897154/about/
Ranir LLC,https://www.linkedin.com/company/85368/about/
Prolexic Technologies,https://www.linkedin.com/search/results/all/?keywords=Prolexic+Technologies
Banzai,https://www.linkedin.com/company/10595753/about/
Creadits,https://www.linkedin.com/company/14416175/about/
Paystand,https://www.linkedin.com/company/3081120/about/
DNX Ventures (fka Draper Nexus Ventures),https://www.linkedin.com/company/2210889/about/
SafeGraph,https://www.linkedin.com/company/10691371/about/
PayJoy,https://www.linkedin.com/company/6380200/about/
Siftery (acquired by G2),https://www.linkedin.com/company/6633986/about/
Peatix,https://www.linkedin.com/company/3226883/about/
"Notion, A Comcast Company",https://www.linkedin.com/company/3603914/about/
"Chirp Microsystems, Inc.",https://www.linkedin.com/company/3521935/about/
jaic america,https://www.linkedin.com/company/132797/about/
"Japan Asia Investment Co., Ltd.",https://www.linkedin.com/company/91635/about/
JETRO New York,https://www.linkedin.com/search/results/all/?keywords=JETRO+New+York
Qiming Venture Partners,https://www.linkedin.com/company/10364438/about/
WI Harper Group,https://www.linkedin.com/company/27219/about/
China eCapital Corporation,https://www.linkedin.com/company/1361814/about/
Lumos Capital Group,https://www.linkedin.com/company/18511617/about/
Transfr,https://www.linkedin.com/company/37896348/about/
Podium Education,https://www.linkedin.com/company/40812111/about/
OpenClassrooms,https://www.linkedin.com/company/554384/about/
OnlineMedEd,https://www.linkedin.com/company/3638002/about/
Ironhack,https://www.linkedin.com/company/3297892/about/
Ellevation Education,https://www.linkedin.com/company/2670208/about/
Trilogy Education,https://www.linkedin.com/company/10164760/about/
Village Capital,https://www.linkedin.com/company/2348246/about/
"Goldman, Sachs & Co.",https://www.linkedin.com/company/1382/about/
"Zephyr Management, L.P.",https://www.linkedin.com/company/488262/about/
"Cleary, Gottlieb, Steen & Hamilton",https://www.linkedin.com/company/6110/about/
Curate,https://www.linkedin.com/company/27203166/about/
GrayMatter Robotics,https://www.linkedin.com/company/34722678/about/
Markee,https://www.linkedin.com/company/70409320/about/
Iris Automation Inc,https://www.linkedin.com/company/10277208/about/
Ubiq Security,https://www.linkedin.com/company/2982352/about/
PreFlight,https://www.linkedin.com/company/18909358/about/
Placer.ai,https://www.linkedin.com/company/3027652/about/
VeriSIM Life,https://www.linkedin.com/company/18383493/about/
RecruitBot,https://www.linkedin.com/company/24794314/about/
VentureUp,https://www.linkedin.com/company/76959174/about/
Crafty,https://www.linkedin.com/company/10356523/about/
Balto,https://www.linkedin.com/company/16265721/about/
"WhiteFox Defense Technologies, Inc.",https://www.linkedin.com/company/17943090/about/
dv01,https://www.linkedin.com/company/4826253/about/
Genvid Holdings Inc.,https://www.linkedin.com/company/11240681/about/
OCA Ventures,https://www.linkedin.com/company/84516/about/
Humen.ai,https://www.linkedin.com/search/results/all/?keywords=Humen%2Eai
Trim,https://www.linkedin.com/company/15182370/about/
QL Gaming Group (acq by Entercom),https://www.linkedin.com/company/7166525/about/
SailPoint + OverWatchID,https://www.linkedin.com/company/11028662/about/
Tenor,https://www.linkedin.com/company/3815701/about/
AddStructure,https://www.linkedin.com/search/results/all/?keywords=AddStructure
"freebeePay, Inc.",https://www.linkedin.com/company/1865047/about/
"Stir, Inc",https://www.linkedin.com/search/results/all/?keywords=Stir%2C+Inc
BMO Capital Markets,https://www.linkedin.com/company/2589/about/
KPMG LLP,https://www.linkedin.com/company/1079/about/
Felicis Ventures,https://www.linkedin.com/company/209073/about/
r2c,https://www.linkedin.com/company/18309569/about/
Voiceflow,https://www.linkedin.com/company/18631562/about/
Guideline,https://www.linkedin.com/company/6608055/about/
Notion,https://www.linkedin.com/company/30898036/about/
Adyen,https://www.linkedin.com/company/279565/about/
Shopify,https://www.linkedin.com/company/784652/about/
Diffbot,https://www.linkedin.com/company/632485/about/
Vicarious.com,https://www.linkedin.com/company/5117416/about/
Dedrone,https://www.linkedin.com/search/results/all/?keywords=Dedrone
Rovio Entertainment Ltd.,https://www.linkedin.com/company/37960/about/
"Google, Inc.",https://www.linkedin.com/company/1441/about/
"Silicon Graphics, Inc.",https://www.linkedin.com/company/1972/about/
Canapi Ventures,https://www.linkedin.com/company/25025030/about/
Live Oak Bank,https://www.linkedin.com/company/1570374/about/
Posh Technologies,https://www.linkedin.com/company/27196254/about/
Greenlight Financial Technology,https://www.linkedin.com/company/10874446/about/
APITURE,https://www.linkedin.com/company/2078365/about/
DefenseStorm,https://www.linkedin.com/company/10786843/about/
Payrailz,https://www.linkedin.com/company/11251422/about/
Blend,https://www.linkedin.com/company/3280260/about/
"nCino, Inc.",https://www.linkedin.com/company/2551084/about/
S1 Corporation,https://www.linkedin.com/company/4151/about/
TST/Brokat,https://www.linkedin.com/company/12335/about/
Foursquare,https://www.linkedin.com/company/264317/about/
Banc of America Securities,https://www.linkedin.com/company/1123/about/
Jefferies & Co.,https://www.linkedin.com/company/5154/about/
XYZ Venture Capital,https://www.linkedin.com/company/19135075/about/
Newfront Insurance,https://www.linkedin.com/company/24788497/about/
Verkada,https://www.linkedin.com/company/12699415/about/
Bond,https://www.linkedin.com/company/23761966/about/
Anduril Industries,https://www.linkedin.com/company/18293159/about/
Markaaz,https://www.linkedin.com/company/31196595/about/
Sardine,https://www.linkedin.com/company/76451674/about/
Legion Technologies,https://www.linkedin.com/company/24584274/about/
TopFunnel,https://www.linkedin.com/company/17877343/about/
Piazza Technologies Inc.,https://www.linkedin.com/company/793281/about/
Palantir Technologies,https://www.linkedin.com/company/20708/about/
Certain Lending,https://www.linkedin.com/company/28647383/about/
AngelList,https://www.linkedin.com/company/1806556/about/
LendUp,https://www.linkedin.com/company/2871792/about/
Bluecore,https://www.linkedin.com/company/3119015/about/
Beneficial State Bank,https://www.linkedin.com/company/2070896/about/
Likelihood,https://www.linkedin.com/company/10148685/about/
"Citrus Lane (sold to Care.com, NYSE:CRCM)",https://www.linkedin.com/company/2040541/about/
Elation,https://www.linkedin.com/company/1311678/about/
Optimizely,https://www.linkedin.com/company/1189697/about/
Ginger.io,https://www.linkedin.com/company/2515007/about/
Duetto,https://www.linkedin.com/company/2500904/about/
Metromile,https://www.linkedin.com/company/2639486/about/
Propeller Health,https://www.linkedin.com/company/1392699/about/
Karmaloop.com,https://www.linkedin.com/company/103826/about/
Life360,https://www.linkedin.com/company/296407/about/
Captricity,https://www.linkedin.com/company/2269928/about/
Village Global,https://www.linkedin.com/company/18265228/about/
buddybuild,https://www.linkedin.com/search/results/all/?keywords=buddybuild
BrightFunnel,https://www.linkedin.com/company/3107105/about/
"Beckon, Inc.",https://www.linkedin.com/company/3148100/about/
HealthLoop,https://www.linkedin.com/company/477947/about/
Canaan Partners,https://www.linkedin.com/company/35865/about/
Kapor Capital,https://www.linkedin.com/search/results/all/?keywords=Kapor+Capital
SuccessFactors,https://www.linkedin.com/company/166185/about/
CubeTree,https://www.linkedin.com/company/911280/about/
Symantec (Brightmail),https://www.linkedin.com/company/1231/about/
Plumtree Software,https://www.linkedin.com/company/1786/about/
BEA Systems,https://www.linkedin.com/company/1785/about/
Tellme Networks,https://www.linkedin.com/company/166321/about/
Backflip,https://www.linkedin.com/search/results/all/?keywords=Backflip
Wing Venture Capital,https://www.linkedin.com/company/4821933/about/
Splunk,https://www.linkedin.com/company/20226/about/
Cloudera,https://www.linkedin.com/company/229433/about/
Mela Ventures,https://www.linkedin.com/company/68318406/about/
Wipro Ltd,https://www.linkedin.com/company/1318/about/
Dig Security,https://www.linkedin.com/company/75003715/about/
Talon Cyber Security,https://www.linkedin.com/company/76840779/about/
Akeyless,https://www.linkedin.com/company/33238033/about/
Claroty,https://www.linkedin.com/company/12898104/about/
Cyberpion,https://www.linkedin.com/company/13786996/about/
Monogoto,https://www.linkedin.com/company/11517116/about/
SAM Seamless Network,https://www.linkedin.com/company/18234328/about/
Kauffman Fellows,https://www.linkedin.com/company/103900/about/
YPO,https://www.linkedin.com/company/16041/about/
Illusive,https://www.linkedin.com/company/6432514/about/
Hysolate,https://www.linkedin.com/company/18040430/about/
Curv,https://www.linkedin.com/company/34228100/about/
Portshift now a Cisco company,https://www.linkedin.com/company/18524252/about/
Sygnia,https://www.linkedin.com/company/18060249/about/
eToro,https://www.linkedin.com/company/167277/about/
Conduit,https://www.linkedin.com/company/11232/about/
Israeli Military Intelligence - Unit 8200,https://www.linkedin.com/company/17877948/about/
Gritz Interactive,https://www.linkedin.com/search/results/all/?keywords=Gritz+Interactive
Third Prime,https://www.linkedin.com/company/15189541/about/
TCV,https://www.linkedin.com/company/26406/about/
Aidoc,https://www.linkedin.com/company/17885371/about/
Spryker,https://www.linkedin.com/company/4865954/about/
Redis Labs,https://www.linkedin.com/company/2014725/about/
Devo,https://www.linkedin.com/company/10132565/about/
Darwinbox,https://www.linkedin.com/company/10549027/about/
Dream11,https://www.linkedin.com/company/264559/about/
FarEye,https://www.linkedin.com/company/438105/about/
Ankorstore,https://www.linkedin.com/company/46903379/about/
Chatmeter,https://www.linkedin.com/company/881462/about/
"ThreatConnect, Inc.",https://www.linkedin.com/company/1284838/about/
OpusCapita,https://www.linkedin.com/company/991594/about/
Arcoro,https://www.linkedin.com/company/12629847/about/
Patron Technology,https://www.linkedin.com/company/11495796/about/
Conversica,https://www.linkedin.com/company/5285477/about/
Providence Equity Partners,https://www.linkedin.com/company/41235/about/
Anju Software Inc,https://www.linkedin.com/search/results/all/?keywords=Anju+Software+Inc
LogicMonitor,https://www.linkedin.com/company/1165219/about/
J.P.Morgan / Bear Stearns (2010-12; 2005-07),https://www.linkedin.com/search/results/all/?keywords=J%2EP%2EMorgan+%2F+Bear+Stearns+%282010-12%3B+2005-07%29
Columbia Capital,https://www.linkedin.com/company/42108/about/
Avici Systems,https://www.linkedin.com/company/162598/about/
1Crowd,https://www.linkedin.com/company/10419405/about/
SEB,https://www.linkedin.com/company/2527/about/
Thought Machine,https://www.linkedin.com/company/5265217/about/
Cardlay A/S,https://www.linkedin.com/company/10606371/about/
Multrees Investor Services,https://www.linkedin.com/company/2631832/about/
Now Interact,https://www.linkedin.com/company/823093/about/
Tink AB,https://www.linkedin.com/company/2735919/about/
TSS,https://www.linkedin.com/search/results/all/?keywords=TSS
Leasify AB,https://www.linkedin.com/company/3883125/about/
Crem International,https://www.linkedin.com/company/1145761/about/
Innometrics,https://www.linkedin.com/company/1008968/about/
DIAKRIT International Ltd,https://www.linkedin.com/company/1996260/about/
Information Mosaic,https://www.linkedin.com/company/22637/about/
Cgates,https://www.linkedin.com/company/2292604/about/
SEB Strategic Investments,https://www.linkedin.com/company/2527/about/
Dream Incubator,https://www.linkedin.com/company/101596/about/
株式会社ハッカズーク,https://www.linkedin.com/company/13375194/about/
株式会社ペイミー,https://www.linkedin.com/search/results/all/?keywords=%E6%A0%AA%E5%BC%8F%E4%BC%9A%E7%A4%BE%E3%83%9A%E3%82%A4%E3%83%9F%E3%83%BC
DIMENSION,https://www.linkedin.com/search/results/all/?keywords=DIMENSION
LINE Corp,https://www.linkedin.com/company/3221644/about/
都内法律事務所,https://www.linkedin.com/search/results/all/?keywords=%E9%83%BD%E5%86%85%E6%B3%95%E5%BE%8B%E4%BA%8B%E5%8B%99%E6%89%80
Jet.Build,https://www.linkedin.com/company/27048198/about/
Shadow Ventures,https://www.linkedin.com/company/27161329/about/
Green Badger,https://www.linkedin.com/company/5086526/about/
Altoura,https://www.linkedin.com/company/660724/about/
billy,https://www.linkedin.com/company/37539338/about/
Embue,https://www.linkedin.com/company/202851/about/
Stake,https://www.linkedin.com/company/33458151/about/
Aren,https://www.linkedin.com/company/22654572/about/
Kairos ,https://www.linkedin.com/company/33263327/about/
Ecobot,https://www.linkedin.com/company/10882608/about/
Local Logic,https://www.linkedin.com/company/10352749/about/
Center for Innovation in the Design and Construction Industry,https://www.linkedin.com/company/26556362/about/
Klickly,https://www.linkedin.com/company/3725428/about/
ICON3D,https://www.linkedin.com/company/27238745/about/
Amenify,https://www.linkedin.com/company/10624425/about/
"The Combine, LLC",https://www.linkedin.com/company/9232769/about/
Konstru,https://www.linkedin.com/company/15261129/about/
OnScale,https://www.linkedin.com/company/18312235/about/
InfoTycoon by SightPlan,https://www.linkedin.com/company/3277829/about/
"SoftWear Automation, Inc",https://www.linkedin.com/company/4284777/about/
TiE Atlanta,https://www.linkedin.com/company/1566754/about/
AMPIRIX : Acquired by The Combine,https://www.linkedin.com/company/1910837/about/
Midtown Bank & Trust Company,https://www.linkedin.com/company/1376254/about/
ATDC,https://www.linkedin.com/company/50999/about/
The Georgia Institute of Technology,https://www.linkedin.com/search/results/all/?keywords=The+Georgia+Institute+of+Technology
Gehry Technologies,https://www.linkedin.com/company/883476/about/
American Reprographics Company,https://www.linkedin.com/company/318884/about/
Wiley,https://www.linkedin.com/company/164549/about/
American Diabetes Association,https://www.linkedin.com/company/162418/about/
RCMS Group,https://www.linkedin.com/company/94794/about/
Verso,https://www.linkedin.com/company/9691/about/
Cereus Technology Partners,https://www.linkedin.com/search/results/all/?keywords=Cereus+Technology+Partners
Cereus Bandwidth,https://www.linkedin.com/search/results/all/?keywords=Cereus+Bandwidth
Mactec,https://www.linkedin.com/company/164805/about/
MONO,https://www.linkedin.com/search/results/all/?keywords=MONO
Radian Capital,https://www.linkedin.com/company/10440404/about/
Catalyst Investors,https://www.linkedin.com/company/89315/about/
Berenson & Company,https://www.linkedin.com/company/62225/about/
Archetype Ventures Inc.,https://www.linkedin.com/company/14524543/about/
Archetype,https://www.linkedin.com/company/1211576/about/
Japan Film Society,https://www.linkedin.com/company/885947/about/
Defta Partners,https://www.linkedin.com/company/134995/about/
Triswith Inc,https://www.linkedin.com/search/results/all/?keywords=Triswith+Inc
"Xseed Co.,Ltd.",https://www.linkedin.com/search/results/all/?keywords=Xseed+Co%2E%2CLtd%2E
NTT Data Corporation,https://www.linkedin.com/company/18535/about/
Qualcomm Ventures,https://www.linkedin.com/company/2923434/about/
Cellwize,https://www.linkedin.com/search/results/all/?keywords=Cellwize
TytoCare,https://www.linkedin.com/company/3259539/about/
SentinelOne,https://www.linkedin.com/company/2886771/about/
Excelero,https://www.linkedin.com/company/4858804/about/
CrazyLabs,https://www.linkedin.com/company/1522212/about/
Weka.IO,https://www.linkedin.com/company/9334204/about/
ScyllaDB,https://www.linkedin.com/company/10201068/about/
Medisafe™,https://www.linkedin.com/company/2886861/about/
Magisto,https://www.linkedin.com/company/2641311/about/
Tapingo,https://www.linkedin.com/company/2146932/about/
ravello systems,https://www.linkedin.com/company/2649858/about/
Panoramic Power,https://www.linkedin.com/company/1432503/about/
ForeScout Technologies Inc.,https://www.linkedin.com/company/28895/about/
Intel Capital,https://www.linkedin.com/company/1053/about/
boxee,https://www.linkedin.com/company/319267/about/
Kaminario,https://www.linkedin.com/company/439106/about/
LiveU,https://www.linkedin.com/company/352436/about/
"Comverse Technology, Inc.",https://www.linkedin.com/company/10170759/about/
Emblaze Ltd.,https://www.linkedin.com/search/results/all/?keywords=Emblaze+Ltd%2E
"Valor Capital Group, LLC",https://www.linkedin.com/search/results/all/?keywords=Valor+Capital+Group%2C+LLC
Ideiasnet,https://www.linkedin.com/company/132681/about/
SocialSmart Ventures,https://www.linkedin.com/search/results/all/?keywords=SocialSmart+Ventures
"Thirst, Inc.",https://www.linkedin.com/search/results/all/?keywords=Thirst%2C+Inc%2E
EngageMe,https://www.linkedin.com/search/results/all/?keywords=EngageMe
The Shooting Gallery,https://www.linkedin.com/search/results/all/?keywords=The+Shooting+Gallery
Univision Online Group,https://www.linkedin.com/company/5775/about/
The Gryphon Group,https://www.linkedin.com/search/results/all/?keywords=The+Gryphon+Group
Showtime Networks,https://www.linkedin.com/company/6050/about/
MPC,https://www.linkedin.com/company/165049/about/
ArzanVC,https://www.linkedin.com/company/10412154/about/
LUNCH:ON,https://www.linkedin.com/company/10302082/about/
HelloWorldKids,https://www.linkedin.com/company/9399636/about/
tasmeemME.com,https://www.linkedin.com/company/2840541/about/
Oasis500,https://www.linkedin.com/company/1181816/about/
OpenSooq,https://www.linkedin.com/search/results/all/?keywords=OpenSooq
Jeeran,https://www.linkedin.com/company/144190/about/
JordanMall.com,https://www.linkedin.com/search/results/all/?keywords=JordanMall%2Ecom
AlphaSense,https://www.linkedin.com/company/2316358/about/
Visier Inc.,https://www.linkedin.com/company/1360576/about/
deepwatch,https://www.linkedin.com/company/13993483/about/
CallMiner,https://www.linkedin.com/company/42084/about/
Acronis,https://www.linkedin.com/company/13179/about/
Egnyte,https://www.linkedin.com/company/1015589/about/
INFINIDAT,https://www.linkedin.com/company/2565801/about/
ON24,https://www.linkedin.com/search/results/all/?keywords=ON24
Kaltura,https://www.linkedin.com/company/92413/about/
BigCommerce,https://www.linkedin.com/company/103315/about/
Revionics,https://www.linkedin.com/company/77303/about/
Paycor,https://www.linkedin.com/company/22803/about/
The SAVO Group,https://www.linkedin.com/company/23031/about/
Clarizen,https://www.linkedin.com/company/28265/about/
Allen & Co.,https://www.linkedin.com/company/66529/about/
Vulcan Capital,https://www.linkedin.com/company/14705130/about/
Nera Telecommunications Ltd,https://www.linkedin.com/company/41030/about/
ERA Singapore,https://www.linkedin.com/company/306947/about/
Northstar Group,https://www.linkedin.com/company/13443323/about/
Citi,https://www.linkedin.com/company/11448/about/
Perella Weinberg Partners,https://www.linkedin.com/company/27057/about/
Capital Z Partners,https://www.linkedin.com/company/62420/about/
Bear Stearns & Co.,https://www.linkedin.com/company/24972792/about/
Headline,https://www.linkedin.com/company/2632239/about/
AOL,https://www.linkedin.com/company/1258/about/
Bundeswehr (German Federal Armed Forces),https://www.linkedin.com/company/27061597/about/
